world_size_width,world_size_height,dna_size,mutation_rate,nb_generations,runtime
32,32,100,1e-06,1000,0.145387
64,64,100,1e-06,1000,0.560931
64,64,100,1e-05,1000,0.628655
32,32,250,1e-06,1000,0.156172
64,64,250,1e-06,1000,0.629257
64,64,250,1e-05,1000,0.694821
