world_size_width,world_size_height,dna_size,mutation_rate,nb_generations,runtime
32,32,100,1e-06,1000,0.142131
64,64,100,1e-06,1000,0.56389
32,32,100,1e-05,1000,0.154529
64,64,100,1e-05,1000,0.604673
32,32,250,1e-06,1000,0.151662
64,64,250,1e-06,1000,0.614761
32,32,250,1e-05,1000,0.184612
64,64,250,1e-05,1000,0.676291
