world_size_width,world_size_height,dna_size,mutation_rate,nb_generations,runtime
32,32,100,1e-06,1000,0.142669
64,64,100,1e-06,1000,0.563745
32,32,100,1e-05,1000,0.154803
64,64,100,1e-05,1000,0.604173
32,32,250,1e-06,1000,0.152841
64,64,250,1e-06,1000,0.592477
32,32,250,1e-05,1000,0.179616
64,64,250,1e-05,1000,0.674953
