world_size_width,world_size_height,dna_size,mutation_rate,nb_generations,runtime
32,32,100,1e-06,1000,0.130809
64,64,100,1e-06,1000,0.527642
32,32,100,1e-05,1000,0.155954
64,64,100,1e-05,1000,0.590743
32,32,250,1e-06,1000,0.145311
64,64,250,1e-06,1000,0.558399
32,32,250,1e-05,1000,0.168632
64,64,250,1e-05,1000,0.648573
