world_size_width,world_size_height,dna_size,mutation_rate,nb_generations,runtime
32,32,100,1e-06,1000,0.134525
64,64,100,1e-06,1000,0.509033
32,32,100,1e-05,1000,0.14423
64,64,100,1e-05,1000,0.568276
32,32,250,1e-06,1000,0.140664
64,64,250,1e-06,1000,0.569084
32,32,250,1e-05,1000,0.168877
64,64,250,1e-05,1000,0.646602
