world_size_width,world_size_height,dna_size,mutation_rate,nb_generations,runtime
32,32,100,1e-06,1000,0.130519
64,64,100,1e-06,1000,0.526922
32,32,100,1e-05,1000,0.140074
64,64,100,1e-05,1000,0.57439
32,32,250,1e-06,1000,0.143187
64,64,250,1e-06,1000,0.556421
32,32,250,1e-05,1000,0.171579
64,64,250,1e-05,1000,0.670666
