world_size_width,world_size_height,dna_size,mutation_rate,nb_generations,runtime
32,32,100,1e-06,1000,0.137295
64,64,100,1e-06,1000,0.257716
32,32,100,1e-05,1000,0.145838
64,64,100,1e-05,1000,0.268658
32,32,250,1e-06,1000,0.143708
64,64,250,1e-06,1000,0.271549
32,32,250,1e-05,1000,0.201551
64,64,250,1e-05,1000,0.256632
256,256,250,1e-05,1000,3.440653
256,256,250,1e-05,1000,3.291234
