world_size_width,world_size_height,dna_size,mutation_rate,nb_generations,runtime
32,32,100,1e-06,1000,0.1354
64,64,100,1e-06,1000,0.52833
32,32,100,1e-05,1000,0.145485
64,64,100,1e-05,1000,0.597324
32,32,250,1e-06,1000,0.141032
64,64,250,1e-06,1000,0.571758
32,32,250,1e-05,1000,0.162228
64,64,250,1e-05,1000,0.685679
