world_size_width,world_size_height,dna_size,mutation_rate,nb_generations,runtime
32,32,500,0.0001,1000,1.505624
64,64,500,0.0001,1000,6.568119
128,128,500,0.0001,1000,30.343228
256,256,500,0.0001,1000,126.530802
