world_size_width,world_size_height,dna_size,mutation_rate,nb_generations,runtime
32,32,100,1e-06,1000,0.137644
64,64,100,1e-06,1000,0.528396
32,32,100,1e-05,1000,0.147428
64,64,100,1e-05,1000,0.591539
32,32,250,1e-06,1000,0.136299
64,64,250,1e-06,1000,0.569342
32,32,250,1e-05,1000,0.164796
64,64,250,1e-05,1000,0.685235
64,64,250,1e-05,1000,0.680584
256,256,250,1e-05,1000,11.862647
