world_size_width,world_size_height,dna_size,mutation_rate,nb_generations,runtime
32,32,100,1e-06,1000,0.146415
64,64,100,1e-06,1000,0.587255
32,32,100,1e-05,1000,0.164208
64,64,100,1e-05,1000,0.640734
32,32,250,1e-06,1000,0.150939
64,64,250,1e-06,1000,0.613304
32,32,250,1e-05,1000,0.166953
64,64,250,1e-05,1000,0.654458
