world_size_width,world_size_height,dna_size,mutation_rate,nb_generations,runtime
32,32,100,1e-06,1000,0.140103
64,64,100,1e-06,1000,0.548196
32,32,100,1e-05,1000,0.15479
64,64,100,1e-05,1000,0.640771
32,32,250,1e-06,1000,0.162359
64,64,250,1e-06,1000,0.63647
32,32,250,1e-05,1000,0.18533
64,64,250,1e-05,1000,0.757128
