world_size_width,world_size_height,dna_size,mutation_rate,nb_generations,runtime
32,32,100,1e-06,1000,0.143291
64,64,100,1e-06,1000,0.544251
32,32,100,1e-05,1000,0.154874
64,64,100,1e-05,1000,0.631657
32,32,250,1e-06,1000,0.160563
64,64,250,1e-06,1000,0.657791
32,32,250,1e-05,1000,0.190954
64,64,250,1e-05,1000,0.760723
