world_size_width,world_size_height,dna_size,mutation_rate,nb_generations,runtime
128,128,128,1e-06,1000,2.349412
128,128,128,1e-06,1000,2.397659
128,128,128,1e-06,1000,2.432894
256,256,128,1e-06,1000,10.291757
256,256,128,1e-06,1000,10.19351
256,256,128,1e-06,1000,10.524009
512,512,128,1e-06,1000,47.518571
512,512,128,1e-06,1000,47.211215
512,512,128,1e-06,1000,47.465179
